#5P	3P	Chr1	RNA_BK1	Exon_BK1	Chr2	RNA_BK2	Exon_BK2	WGS_BK1	WGS_BK2
RAE1	SVIP	20	55929873	55929872	11	22849419	22849420	NA	NA
KIAA0922	BAG3	4	154477061	154477062	10	121435975	121435976	NA	NA
PHF23	RNF217	17	7142563	7142565	6	125366359	125366357	NA	NA
SEMA4F	MBD4	2	74881644	74881648	3	129151453	129151449	NA	NA
MSR1	TIMM8B	8	16035393	16035395	11	111956184	111956186	NA	NA
CDHR4	C19orf40	3	49836429	49836427	19	33464964	33464966	NA	NA
DMRTA1	CTLA4	9	22447729	22447731	2	204735307	204735309	NA	NA
RP11-497E19.2	ARHGAP39	14	85995201	85995202	8	145806662	145806661	NA	NA
CRP	NNAT	1	159683296	159683293	20	36150757	36150760	NA	NA
FLT1	APBB1IP	13	28880814	28880815	10	26727582	26727581	NA	NA
ACVR2B	YPEL5	3	38519781	38519783	2	30379492	30379494	NA	NA
ENKD1	PTGS1	16	67697323	67697323	9	125148725	125148725	NA	NA
N4BP2L2	WRNIP1	13	33101598	33101595	6	2783637	2783640	NA	NA
PRMT5	SLC25A6	14	23398459	23398461	X	1508618	1508620	NA	NA
OVOL1	PREP	11	65561722	65561719	6	105824127	105824130	NA	NA
MMADHC	RHBDD2	2	150438641	150438641	7	75511147	75511147	NA	NA
ATP2B4	USH1G	1	203676351	203676351	17	72914171	72914171	NA	NA
GPR18	PEX1	13	99913907	99913909	7	92122441	92122443	NA	NA
HPS3	GTDC1	3	148876633	148876633	2	144704702	144704702	NA	NA
PRKD1	RSPH10B2	14	30194744	30194742	7	6806386	6806388	NA	NA
S100A16	BOD1L1	1	153580475	153580475	4	13571752	13571752	NA	NA
TMEM56/TMEM56-RWDD3	CCPG1/DYX1C1-CCPG1	1	95616974	95616975	15	55664243	55664242	NA	NA
GABRA1	C5orf27	5	161281274	161281276	5	95188494	95188496	NA	NA
FAM209B	LAMA5	20	55108646	55108646	20	60891114	60891114	NA	NA
CCDC28A	GPR115	6	139101121	139101122	6	47674965	47674966	NA	NA
C19orf59	CRYM	19	7743869	NA	16	21289490	NA	NA	NA
FIP1L1	PDGFRA	4	55141124	NA	4	54292091	NA	NA	NA
